Player,Team,Matches,Starter,Minutes_A,FieldGoalsMade_A,FieldGoalsAttempted_A,FieldGoalPercentage,ThreePointersMade_A,ThreePointersAttempted_A,ThreePointPercentage,EffectiveFieldGoalPercentage,FreeThrowsMade_A,FreeThrowsAttempted_A,FreeThrowPercentage,OffensiveRebounds_A,DefensiveRebounds_A,TotalRebounds_A,Assists_A,PersonalFouls_A,FoulsOn_A,Steals_A,Turnovers_A,Blocks_A,BlocksReceived_A,Points_A,PointsSecondChance_A,PointsFastBreak_A,PointsInThePaint_A,DD,TD,PlusMinusPoints_A,TOR,PPP,PIE,Supercoach,FP,FIC,ARR,FieldGoalsMade_40,FieldGoalsAttempted_40,ThreePointersMade_40,ThreePointersAttempted_40,FreeThrowsMade_40,FreeThrowsAttempted_40,OffensiveRebounds_40,DefensiveRebounds_40,TotalRebounds_40,Assists_40,PersonalFouls_40,FoulsOn_40,Steals_40,Turnovers_40,Blocks_40,BlocksReceived_40,Points_40,PointsSecondChance_40,PointsFastBreak_40,PointsInThePaint_40,PlusMinusPoints_40,Supercoach_40,FP_40,FIC_40,ARR_40
Admiral Schofield,Cairns,30,15,21.9272222222222,3.167,7.867,40.254,1.533,4.733,32.394,50,0.933,1.5,62.222,0.867,3.467,4.333,1.433,2.267,,0.3,1.733,0.3,,8.8,,,,1,0,,14.823,85.77,3.486,14.5,16.217,4.971,1.714,5.777,14.351,2.797,8.635,1.703,2.736,1.581,6.324,7.905,2.615,4.135,,0.547,3.162,0.547,,16.053,,,,,26.451,29.583,9.068,2.89
Akech Aliir,South East Melbourne,29,0,11.2505747126437,1.414,3.621,39.048,0.345,1.345,25.641,43.81,1.172,1.552,75.556,1.034,1.483,2.517,1.138,1.586,,0.483,0.483,0.655,,4.345,,,,0,0,,8.149,90.778,2.322,11.586,12.003,4.194,1.435,5.027,12.873,1.226,4.781,4.168,5.517,3.678,5.272,8.95,4.046,5.64,,1.716,1.716,2.329,,15.447,,,,,41.193,42.677,14.911,4.823
Alex Ducas,Brisbane,30,24,23.2755555555556,3.167,8.833,35.849,1.533,5.4,28.395,44.528,0.667,0.833,80,0.4,2.4,2.8,1.5,1.767,,0.8,1.1,0.2,,8.533,,,,0,0,,9.322,82.848,3.205,15.133,16.043,4.313,1.702,5.442,15.18,2.635,9.28,1.146,1.432,0.687,4.124,4.812,2.578,3.036,,1.375,1.89,0.344,,14.665,,,,,26.007,27.571,7.411,2.757
Alex Higgins-Titsha,Cairns,9,3,19.6777777777778,2.556,5.556,46,0.556,2.111,26.316,51,0.667,1.444,46.154,2,2.556,4.556,1,2.111,,1,1,0.667,,6.333,,,,0,0,,12.208,88.072,3.871,15.889,17.3,6.153,1.962,5.195,11.293,1.129,4.291,1.355,2.936,4.065,5.195,9.26,2.033,4.291,,2.033,2.033,1.355,,12.874,,,,,32.298,35.167,12.507,3.846
Alex McNaught,New Zealand,2,0,2.33333333333333,0.5,1.5,,0,0,,,0,0.5,,0,0.5,0.5,0,0,,0,0,0,,1,,,,0,0,,0,58.14,0,1.5,1.6,0.062,0.213,8.571,25.714,0,0,0,8.571,0,8.571,8.571,0,0,,0,0,0,,17.143,,,,,25.714,27.429,1.071,1.247
Andrew Andrews,Cairns,31,31,33.1994623655914,5.097,12.871,39.599,1.677,5.452,30.769,46.115,2.903,3.774,76.923,0.484,2.71,3.194,7.581,2.677,,0.581,3.742,0.194,,14.774,,,,7,0,,14.473,80.85,7.111,29.097,28.558,9.496,2.68,6.141,15.507,2.021,6.568,3.498,4.547,0.583,3.265,3.848,9.133,3.226,,0.7,4.508,0.233,,17.801,,,,,35.057,34.408,11.441,3.138
Angus Glover,South East Melbourne,35,0,20.9561904761905,3.543,8.2,43.206,2.2,5.971,36.842,56.62,1.086,1.371,79.167,0.6,2.371,2.971,2.029,1.371,,0.657,0.857,0.114,,10.371,,,,0,0,,7.333,107.358,5.426,18,18.437,7.343,1.809,6.762,15.652,4.199,11.398,2.072,2.618,1.145,4.526,5.672,3.872,2.618,,1.254,1.636,0.218,,19.796,,,,,34.357,35.192,14.016,3.159
Anthony Drmic,Tasmania,15,3,14.9022222222222,1.6,4.533,35.294,1,2.933,34.091,46.324,0.6,0.933,64.286,0.733,1.267,2,0.667,1.533,,0.533,0.467,0.067,,4.8,,,,0,0,,7.679,88.714,1.637,9,9.533,2.767,1.052,4.295,12.168,2.684,7.874,1.61,2.505,1.968,3.4,5.368,1.789,4.116,,1.432,1.253,0.179,,12.884,,,,,24.157,25.589,7.426,2.476
Archie Woodhill,Tasmania,16,1,5.85625,0.375,0.812,46.154,0,0,,46.154,0.312,0.312,,0.5,0.875,1.375,0.125,0.562,,0.125,0.188,0.062,,1.062,,,,0,0,,14.851,93.407,0.87,2.875,3.275,1.336,0.415,2.561,5.55,0,0,2.134,2.134,3.415,5.977,9.392,0.854,3.842,,0.854,1.281,0.427,,7.257,,,,,19.637,22.369,9.125,2.142
Austin Foxwell,South East Melbourne,1,0,3.13333333333333,1,1,,0,0,,,0,0,,0,0,0,0,0,,0,1,0,,2,,,,0,0,,50,100,0.885,0,1,0.25,0.19,12.766,12.766,0,0,0,0,0,0,0,0,0,,0,12.766,0,,25.532,,,,,0,12.766,3.191,0.602
Ben Ayre,Tasmania,29,3,17.8448275862069,2.069,5.552,37.267,0.897,2.966,30.233,45.342,1.241,1.414,87.805,0.517,0.759,1.276,2.069,2.069,,0.517,1.207,0.172,,6.276,,,,0,0,,12.772,85.031,2.179,11.345,11.772,3.185,1.34,4.638,12.444,2.01,6.647,2.783,3.169,1.159,1.7,2.86,4.638,4.638,,1.159,2.705,0.386,,14.068,,,,,25.43,26.388,7.14,2.761
Ben Henshall,Perth,34,20,20.7455882352941,3.206,7.529,42.578,1,3.471,28.814,49.219,1.324,1.559,84.906,1.088,2.412,3.5,2.853,1.676,,0.676,1.588,0.294,,8.735,,,,0,0,,12.549,89.104,5.233,17.676,18.538,6.798,2.079,6.181,14.518,1.928,6.692,2.552,3.006,2.098,4.65,6.748,5.501,3.232,,1.304,3.062,0.567,,16.843,,,,,34.082,35.744,13.107,3.771
Biwali Bayles,Illawarra,27,7,11.1666666666667,0.889,2.926,30.38,0.296,1.148,25.806,35.443,0.111,0.296,,0.333,1.963,2.296,1.444,1.37,,0.407,0.741,0.148,,2.185,,,,0,0,,14.132,57.55,1.171,7.556,8.033,2.259,1.025,3.184,10.481,1.061,4.113,0.398,1.061,1.194,7.032,8.226,5.174,4.909,,1.459,2.653,0.531,,7.828,,,,,27.065,28.776,8.093,3.27
Blake Jones,Adelaide,2,0,1.89166666666667,0,0,,0,0,,,1,1,,0,0.5,0.5,0,0,,0,0,0,,1,,,,0,0,,0,227.273,1.01,1.5,1.6,1,0.213,0,0,0,0,21.145,21.145,0,10.573,10.573,0,0,,0,0,0,,21.145,,,,,31.718,33.833,21.145,1.385
Brody Nunn,Tasmania,9,0,6.37592592592593,0.222,1.667,13.333,0,0.333,,13.333,0.333,0.444,,0.222,0.222,0.444,0.778,1.111,,0.111,0.444,0,,0.778,,,,0,0,,14.409,33.719,-0.756,2.222,2.367,-0.361,0.36,1.394,10.456,0,2.091,2.091,2.788,1.394,1.394,2.788,4.879,6.971,,0.697,2.788,0,,4.879,,,,,13.941,14.848,-2.265,1.744
Bryce Cotton,Adelaide,41,41,38.060162601626,8.293,18.756,44.213,3.22,8.512,37.822,52.796,6.098,6.732,90.58,0.585,3.122,3.707,7.634,1.463,,1.61,3.024,0.244,,25.902,,,,7,0,,9.341,104.688,14.505,45.244,44.339,17.97,3.725,8.715,19.712,3.384,8.946,6.408,7.075,0.615,3.281,3.896,8.023,1.538,,1.692,3.179,0.256,,27.223,,,,,47.55,46.599,18.885,3.89
Bryce Hamilton,Tasmania,27,27,31.9512345679012,7.074,15.111,46.814,2.148,6.185,34.731,53.922,1.815,2.704,67.123,0.667,3.852,4.519,3.296,2.074,,0.926,2.296,0.185,,18.111,,,,0,0,,10.489,97.387,9.647,27.963,29.515,10.394,2.68,8.856,18.918,2.689,7.743,2.272,3.385,0.835,4.822,5.657,4.127,2.597,,1.159,2.875,0.232,,22.673,,,,,35.007,36.95,13.012,3.254
Bul Kuol,Sydney,20,13,22.5775,2.25,4.35,51.724,1.1,2.5,44,64.368,1.1,1.3,84.615,1.4,2.75,4.15,1.1,2.4,,0.95,0.6,0.1,,6.7,,,,0,0,,9.061,121.333,4.757,15,15.88,6.762,1.651,3.986,7.707,1.949,4.429,1.949,2.303,2.48,4.872,7.352,1.949,4.252,,1.683,1.063,0.177,,11.87,,,,,26.575,28.134,11.981,2.72
Callum Dalton,Brisbane,16,0,6.06354166666667,0.562,1,56.25,0.062,0.25,,59.375,0.062,0.125,,0.25,1.375,1.625,0.688,1.062,,0,0.5,0.125,,1.25,,,,0,0,,22.297,80.386,0.894,3.625,4.106,1.516,0.561,3.711,6.597,0.412,1.649,0.412,0.825,1.649,9.071,10.72,4.535,7.009,,0,3.298,0.825,,8.246,,,,,23.913,27.088,9.998,2.625
Cameron Huefner,Perth,9,0,4.52962962962963,0.556,1.222,45.455,0.333,0.667,,59.091,0.333,0.444,,0.222,0.889,1.111,0,0.778,,0.222,0.444,0.111,,1.778,,,,0,0,,23.866,95.465,0.689,3,3.667,1.083,0.456,4.906,10.793,2.944,5.887,2.944,3.925,1.962,7.85,9.812,0,6.868,,1.962,3.925,0.981,,15.699,,,,,26.492,32.379,9.567,2.598
Campbell Blogg,Melbourne,9,0,2.49074074074074,0.222,1,,0,0.556,,,0.444,0.444,,0,0.111,0.111,0.111,0.111,,0.111,0,0,,0.889,,,,0,0,,0,74.349,0.235,1.556,1.522,0.222,0.192,3.569,16.059,0,8.922,7.138,7.138,0,1.784,1.784,1.784,1.784,,1.784,0,0,,14.275,,,,,24.981,24.446,3.569,1.918
Carlin Davison,New Zealand,34,0,15.7730392156863,2.176,4.265,51.034,0.353,1.176,30,55.172,0.471,0.941,50,0.794,2.5,3.294,1.147,1.882,,0.559,0.824,0.265,,5.176,,,,1,0,,12.385,94.077,2.957,11.735,12.497,4.5,1.447,5.519,10.815,0.895,2.983,1.193,2.387,2.014,6.34,8.354,2.909,4.774,,1.417,2.088,0.671,,13.127,,,,,29.76,31.692,11.412,3.383
Casey Prather,Brisbane,12,12,31.3444444444444,9.083,18.417,49.321,1.833,6,30.556,54.299,4.417,5.917,74.648,1.167,5.917,7.083,2.667,2.083,,2,2.333,0.5,,24.417,,,,3,0,,8.967,104.553,12.618,40.917,42.083,15.781,3.752,11.592,23.502,2.34,7.657,5.636,7.551,1.489,7.551,9.039,3.403,2.659,,2.552,2.978,0.638,,31.159,,,,,52.216,53.704,20.139,4.692
Che Brogan,Adelaide,4,0,1.2625,0,0.75,,0,0,,,0,0,,0,0.5,0.5,0.25,0,,0,0,0,,0,,,,0,0,,0,0,0,1,0.975,0.062,0.121,0,23.762,0,0,0,0,0,15.842,15.842,7.921,0,,0,0,0,,0,,,,,31.683,30.891,1.98,1.171
Chris Goulding,Melbourne,30,19,23.4305555555556,4.133,11.133,37.126,2.3,7.5,30.667,47.455,2.267,2.5,90.667,0.267,1.433,1.7,1.267,1.5,,0.6,0.867,0.167,,12.833,,,,0,0,,6.032,97.964,4.746,17.633,18.207,5.304,1.558,7.056,19.007,3.926,12.804,3.87,4.268,0.455,2.447,2.902,2.162,2.561,,1.024,1.48,0.285,,21.909,,,,,30.103,31.082,9.055,2.473
DJ Mitchell,South East Melbourne,31,0,7.75483870967742,1.484,3.839,38.655,0.71,2.161,32.836,47.899,0.742,0.903,82.143,0.806,1.129,1.935,0.742,1.581,,0.161,0.419,0.129,,4.419,,,,0,0,,7.77,94.928,1.504,7.871,8.306,2.677,0.939,7.654,19.8,3.661,11.148,3.827,4.659,4.16,5.824,9.983,3.827,8.153,,0.832,2.163,0.666,,22.795,,,,,40.599,42.845,13.81,3.891
Dakota Mathias,Brisbane,8,5,24.2395833333333,4.125,10.25,40.244,2.25,6,37.5,51.22,1.25,1.375,90.909,0.25,3.125,3.375,1,2.25,,0.125,1.75,0,,11.75,,,,0,0,,12.863,93.217,3.632,14,15.925,4.391,1.331,6.807,16.914,3.713,9.901,2.063,2.269,0.413,5.157,5.569,1.65,3.713,,0.206,2.888,0,,19.39,,,,,23.103,26.279,7.245,1.915
Daniel Foster,South East Melbourne,32,1,9.14635416666667,0.906,2.125,42.647,0.156,0.531,29.412,46.324,0.719,0.969,74.194,0.812,1,1.812,0.812,1.281,,0.469,0.344,0.094,,2.688,,,,0,0,,9.272,92.832,1.488,7.125,7.425,2.684,0.909,3.963,9.293,0.683,2.323,3.143,4.237,3.553,4.373,7.927,3.553,5.603,,2.05,1.503,0.41,,11.753,,,,,31.16,32.472,11.736,3.457
Daniel Grida,Illawarra,29,1,11.9241379310345,2.414,4.103,58.824,0.448,0.931,48.148,64.286,1,1.31,76.316,0.414,0.931,1.345,0.379,1.724,,0.483,0.793,0.207,,6.276,,,,0,0,,13.552,114.667,2.338,8.862,9.734,3.233,1,8.097,13.765,1.504,3.123,3.355,4.396,1.388,3.123,4.511,1.272,5.784,,1.619,2.66,0.694,,21.053,,,,,29.728,32.655,10.844,2.932
Dash Daniels,Melbourne,35,11,14.2119047619048,1.6,3.857,41.481,0.486,1.4,34.694,47.778,0.314,0.829,37.931,0.771,1.6,2.371,0.829,1.4,,0.657,0.657,0.257,,4,,,,0,0,,11.514,81.986,1.924,9.457,10.174,3.154,1.216,4.503,10.856,1.367,3.94,0.885,2.332,2.171,4.503,6.674,2.332,3.94,,1.85,1.85,0.724,,11.258,,,,,26.618,28.636,8.876,3.18
David Duke Jnr,Perth,19,12,24.3982456140351,3.737,9.684,38.587,1.158,4.105,28.205,44.565,3.474,4.211,82.5,0.789,1.895,2.684,3.158,2.474,,0.684,1.842,0.211,,12.105,,,,0,0,,11.139,90.48,5.172,20.105,20.905,6.447,2.113,6.126,15.877,1.898,6.73,5.695,6.903,1.294,3.106,4.401,5.177,4.056,,1.122,3.02,0.345,,19.846,,,,,32.962,34.273,10.57,3.269
David Johnson,Tasmania,23,12,25.2615942028986,4.435,10.652,41.633,2,6.217,32.168,51.02,1.826,2.565,71.186,0.957,2.87,3.826,2.043,2.174,,1,1.261,0.348,,12.696,,,,1,0,,8.358,97.346,6.295,22.348,23.135,7.897,2.324,7.022,16.867,3.167,9.845,2.891,4.062,1.515,4.544,6.058,3.236,3.442,,1.583,1.997,0.551,,20.103,,,,,35.386,36.632,12.504,3.532
David Okwera,Perth,34,3,11.1975490196078,1.941,3.382,57.391,0.294,0.853,34.483,61.739,0.853,1.235,69.048,0.941,2.059,3,1,1.029,,0.324,0.529,0.412,,5.029,,,,0,0,,9.705,112.886,4.024,11.176,11.806,5.206,1.347,6.934,12.082,1.051,3.047,3.047,4.413,3.362,7.355,10.717,3.572,3.677,,1.156,1.891,1.471,,17.966,,,,,39.925,42.173,18.597,4.35
Dejan Vasiljevic,Adelaide,42,17,24.5611111111111,3.262,9,36.243,2.31,6.5,35.531,49.074,1.833,1.929,95.062,0.238,1.786,2.024,1.238,1.857,,0.452,0.881,0.024,,10.667,,,,0,0,,7.361,99.414,3.596,14.833,15.5,4.676,1.38,5.312,14.657,3.761,10.586,2.986,3.141,0.388,2.908,3.296,2.016,3.025,,0.737,1.435,0.039,,17.372,,,,,24.157,25.243,7.615,2.046
Deng Manyang,Adelaide,1,0,0.4,0,0,,0,0,,,0,0,,0,0,0,0,0,,0,0,0,,0,,,,0,0,,,,0,0,0,0,0,0,0,0,0,0,0,0,0,0,0,0,,0,0,0,,0,,,,,0,0,0,0
Dontae Russo-Nance,Perth,26,7,10.9032051282051,1.231,3.115,39.506,0.423,1.577,26.829,46.296,0.115,0.231,,0.308,1.423,1.731,1.423,1.423,,0.462,0.731,0.077,,3,,,,0,0,,13.606,75.994,1.605,7.731,8.096,2.471,1.02,4.515,11.429,1.552,5.785,0.423,0.847,1.129,5.221,6.35,5.221,5.221,,1.693,2.681,0.282,,11.006,,,,,28.361,29.702,9.066,3.234
Dylan Windler,Perth,32,32,29.2828125,4.656,9.5,49.013,1.719,4.469,38.462,58.059,2,2.625,76.19,1.344,5.438,6.781,2.188,1.938,,0.656,1.688,0.656,,13.031,,,,9,0,,11.614,105.58,9.192,26.156,26.7,11.188,2.698,6.36,12.977,2.348,6.104,2.732,3.586,1.836,7.428,9.263,2.988,2.647,,0.896,2.305,0.896,,17.801,,,,,35.729,36.472,15.282,3.586
Elijah Pepper,Perth,37,26,24.3315315315315,3.541,8.973,39.458,1.838,5.649,32.536,49.699,1.351,1.541,87.719,1.108,2.162,3.27,1.568,1,,1.027,0.892,0.243,,10.27,,,,1,0,,7.365,97.416,5.689,18.838,19.465,7.139,1.983,5.82,14.751,3.021,9.286,2.222,2.533,1.822,3.555,5.376,2.577,1.644,,1.688,1.466,0.4,,16.884,,,,,30.969,31.999,11.735,3.107
Ellis Biggar,South East Melbourne,3,0,3.43888888888889,0,0.333,,0,0,,,0.667,1.333,,0.667,0.333,1,0,1,,0,0,0,,0.667,,,,0,0,,0,72.464,-0.487,1.667,1.867,0.333,0.237,0,3.877,0,0,7.754,15.509,7.754,3.877,11.632,0,11.632,,0,0,0,,7.754,,,,,19.386,21.712,3.877,1.151
Fabijan Krslovic,Melbourne,35,5,18.1728571428571,1.486,4.343,34.211,0.514,2.086,24.658,40.132,0.943,1.229,76.744,1.686,3.143,4.829,1.343,1.771,,0.743,0.714,1.171,,4.429,,,,1,0,,10.291,79.114,3.789,16.4,17.266,6.411,2.009,3.27,9.559,1.132,4.591,2.075,2.704,3.71,6.918,10.628,2.956,3.899,,1.635,1.572,2.578,,9.748,,,,,36.098,38.003,14.111,4.3
Finn Delany,Melbourne,33,33,25.8949494949495,4.03,8.879,45.392,0.97,3.273,29.63,50.853,2.364,2.818,83.871,1.697,3.848,5.545,2.333,2.182,,0.879,1.606,0.121,,11.394,,,,1,0,,11.424,97.178,7.122,21.545,22.942,8.898,2.296,6.226,13.715,1.498,5.055,3.651,4.353,2.621,5.945,8.566,3.604,3.37,,1.357,2.481,0.187,,17.6,,,,,33.281,35.439,13.744,3.343
Flynn Cameron,Adelaide,42,42,28.1845238095238,3.738,8.738,42.779,1.738,4.714,36.869,52.725,1.976,2.452,80.583,0.786,3.548,4.333,3.19,2.69,,0.738,1.31,0.143,,11.19,,,,0,0,,9.147,100.573,6.088,21.929,22.51,8.58,2.252,5.305,12.401,2.467,6.691,2.805,3.48,1.115,5.035,6.15,4.528,3.818,,1.048,1.859,0.203,,15.882,,,,,31.121,31.946,12.177,3.046
Gorjok Gak,South East Melbourne,9,0,6.73333333333333,1.111,2,55.556,0.111,0.222,,58.333,0.556,1.111,50,1.444,0.889,2.333,0.222,1.222,,0,0.222,0.111,,2.889,,,,0,0,,7.576,106.557,1.33,5.556,6.133,2.583,0.661,6.601,11.881,0.66,1.32,3.3,6.601,8.581,5.281,13.861,1.32,7.261,,0,1.32,0.66,,17.162,,,,,33.003,36.436,15.347,2.552
Harry Froling,Illawarra,14,0,4.67738095238095,1,1.643,60.87,0.5,0.857,58.333,76.087,0.857,1.5,57.143,0.286,0.643,0.929,0.571,0.929,,0,0.571,0.071,,3.357,,,,0,0,,16.584,116.799,1.227,4.5,4.971,1.937,0.609,8.552,14.049,4.276,7.33,7.33,12.828,2.443,5.498,7.941,4.887,7.941,,0,4.887,0.611,,28.71,,,,,38.483,42.515,16.569,3.228
Hunter Goodrick,Sydney,32,0,7.9734375,0.844,1.375,61.364,0,0.031,,61.364,0.375,0.75,50,1.062,1.375,2.438,0.594,0.906,,0.062,0.219,0,,2.062,,,,0,0,,8.689,107.212,1.653,5.438,5.847,2.828,0.683,4.233,6.898,0,0.157,1.881,3.762,5.33,6.898,12.228,2.979,4.546,,0.314,1.097,0,,10.347,,,,,27.278,29.332,14.188,2.37
Hunter Maldonado,Brisbane,10,9,31.5516666666667,5.4,12.7,42.52,0.9,3.8,23.684,46.063,5.1,7.4,68.919,0.4,3.7,4.1,5,2.8,,1.8,3.3,0.2,,16.8,,,,1,0,,13.605,87.246,7.702,30.8,31.92,9.975,3.153,6.846,16.101,1.141,4.817,6.466,9.381,0.507,4.691,5.198,6.339,3.55,,2.282,4.184,0.254,,21.298,,,,,39.047,40.467,12.646,3.886
Hunter Maldonado,South East Melbourne,16,5,19.0052083333333,3.125,8.125,38.462,0.75,3.312,22.642,43.077,1.75,3.188,54.902,0.938,2.25,3.188,4.25,2.562,,1.125,1.375,0.312,,8.75,,,,0,0,,9.074,80.257,4.557,22,21.887,7.117,2.415,6.577,17.101,1.579,6.972,3.683,6.709,1.973,4.736,6.709,8.945,5.393,,2.368,2.894,0.658,,18.416,,,,,46.303,46.066,14.979,4.797
Ian Clark,South East Melbourne,18,1,17.9944444444444,5.111,11.056,46.231,2,5.944,33.645,55.276,1.5,1.667,90,0.278,1.278,1.556,1.722,2.444,,0.833,1.389,0.278,,13.722,,,,0,0,,9.321,104.132,4.553,19.278,20.117,6.264,1.811,11.362,24.575,4.446,13.214,3.334,3.705,0.617,2.84,3.458,3.828,5.434,,1.852,3.087,0.617,,30.503,,,,,42.853,44.718,13.924,3.719
Isaac Humphries,Adelaide,42,42,21.4805555555556,5.548,8.19,67.733,0,0,,67.733,1.476,2.048,72.093,1.952,3,4.952,1.262,1.905,,0.738,1.238,1.548,,12.571,,,,4,0,,10.681,121.704,8.174,24.905,26.026,11.22,2.663,10.33,15.252,0,0,2.749,3.813,3.636,5.586,9.222,2.35,3.547,,1.374,2.306,2.882,,23.41,,,,,46.376,48.465,20.894,4.797
Isaac White,Adelaide,41,2,14.8313008130081,1.634,3.927,41.615,0.634,1.878,33.766,49.689,0.634,1,63.415,0.561,1,1.561,1.537,1.22,,0.171,0.707,0.049,,4.537,,,,0,0,,10.7,89.406,1.875,8.415,8.666,2.966,1.006,4.407,10.591,1.71,5.065,1.71,2.697,1.513,2.697,4.21,4.144,3.289,,0.46,1.908,0.132,,12.235,,,,,22.694,23.372,8.001,2.285
Izaiah Brockington,New Zealand,33,32,28.7353535353535,6.212,12.212,50.868,1.333,3.848,34.646,56.328,2.364,2.727,86.667,0.97,2.848,3.818,2,1.697,,0.758,1.576,0.121,,16.121,,,,1,0,,9.276,107.562,8.086,23.576,24.764,9.5,2.173,8.647,16.999,1.856,5.357,3.29,3.796,1.35,3.965,5.315,2.784,2.362,,1.055,2.193,0.169,,22.441,,,,,32.818,34.471,13.224,2.879
Izayah Le'Afa,New Zealand,15,0,15.3288888888889,1.067,4.133,25.806,0.733,3.267,22.449,34.677,0.6,0.667,90,0.267,1.333,1.6,1.667,1.6,,0.667,0.533,0.4,,3.467,,,,0,0,,8.048,69.892,1.488,10.533,10.553,2.783,1.292,2.783,10.786,1.914,8.524,1.566,1.74,0.696,3.479,4.175,4.349,4.175,,1.74,1.392,1.044,,9.046,,,,,27.486,27.538,7.263,3.217
JaVale McGee,Illawarra,31,30,24.9096774193548,7.839,13.903,56.381,0.161,0.774,20.833,56.961,3.452,4.677,73.793,3.194,6.806,10,2.097,1.871,,0.935,2.419,1.839,,19.29,,,,19,0,,11.815,104.949,12.239,40.032,40.339,16.923,3.963,12.587,22.326,0.259,1.243,5.543,7.511,5.128,10.93,16.058,3.367,3.004,,1.502,3.885,2.953,,30.976,,,,,64.284,64.776,27.176,6.207
Jack Andrew,New Zealand,8,0,5.02083333333333,0.625,0.875,,0.375,0.5,,,0.375,0.75,,0,0.625,0.625,0.25,0.625,,0,0.125,0,,2,,,,0,0,,7.911,150.376,0.872,2.875,3,1.344,0.377,4.979,6.971,2.988,3.983,2.988,5.975,0,4.979,4.979,1.992,4.979,,0,0.996,0,,15.934,,,,,22.905,23.9,10.705,1.672
Jack McVeigh,Cairns,29,29,36.3431034482759,7.448,14.897,50,2.414,6.552,36.842,58.102,3.862,4.414,87.5,0.759,5.517,6.276,3.966,1.517,,0.483,2.414,0.552,,21.172,,,,0,0,,10.396,109.973,12.826,33.655,35.341,15.069,3.117,8.198,16.395,2.657,7.211,4.251,4.858,0.835,6.072,6.907,4.365,1.67,,0.531,2.657,0.607,,23.303,,,,,37.042,38.897,16.585,3.39
Jack Purchase,Brisbane,26,0,7.35064102564103,0.577,2,28.846,0.538,1.808,29.787,42.308,0.038,0.038,,0.038,1.115,1.154,0.231,0.769,,0.115,0.269,0.231,,1.731,,,,0,0,,10.697,75.707,0.562,3.846,4.231,1.014,0.532,3.139,10.883,2.93,9.837,0.209,0.209,0.209,6.07,6.279,1.256,4.186,,0.628,1.465,1.256,,9.418,,,,,20.93,23.023,5.52,2.392
Jackson Ball,Illawarra,11,4,9.70606060606061,0.545,2.182,25,0.182,1.364,13.333,29.167,0.545,0.727,,0.455,0.727,1.182,0.455,1.182,,0.091,0.182,0.182,,1.818,,,,0,0,,5.794,67.751,0.147,4.364,4.555,0.864,0.584,2.248,8.992,0.749,5.62,2.248,2.997,1.873,2.997,4.87,1.873,4.87,,0.375,0.749,0.749,,7.493,,,,,17.983,18.77,3.559,2.063
Jacob Holt,Brisbane,22,10,18.9795454545455,3.318,6.455,51.408,0.409,1.5,27.273,54.577,2.045,3,68.182,2.091,3.045,5.136,0.818,2.682,,0.409,1,0.5,,9.091,,,,1,0,,10.425,103.605,4.691,16.818,18.209,6.886,1.801,6.993,13.603,0.862,3.161,4.311,6.323,4.407,6.418,10.825,1.724,5.652,,0.862,2.108,1.054,,19.159,,,,,35.445,38.376,14.513,3.514
Jacob Richards,Tasmania,12,0,5.50694444444444,0.333,1.583,21.053,0.083,1,8.333,23.684,0,0.083,,0.083,0.75,0.833,0.167,0.5,,0.167,0.167,0,,0.75,,,,0,0,,8.532,41.978,-0.088,2.083,2.333,0.094,0.317,2.421,11.501,0.605,7.264,0,0.605,0.605,5.448,6.053,1.211,3.632,,1.211,1.211,0,,5.448,,,,,15.132,16.948,0.681,1.701
Jaquori McLaughlin,Illawarra,3,3,25.5,2,9.667,20.69,0.667,4.667,14.286,24.138,3,3.333,90,0.333,2.333,2.667,4,3,,0,1.667,0,,7.667,,,,0,0,,9.921,59.896,0.947,15,15.2,2.083,1.443,3.137,15.163,1.046,7.32,4.706,5.229,0.523,3.66,4.183,6.275,4.706,,0,2.614,0,,12.026,,,,,23.529,23.843,3.268,1.974
Jaron Rillie,Perth,14,5,19.1916666666667,2.643,5.714,46.25,1.071,3,35.714,55.625,1.786,1.857,96.154,0.5,2.429,2.929,2.571,1.643,,0.714,1.071,0.286,,8.143,,,,0,0,,10.531,107.103,5.747,17.071,17.443,7.161,1.922,5.508,11.91,2.233,6.253,3.722,3.871,1.042,5.062,6.104,5.359,3.424,,1.489,2.233,0.595,,16.972,,,,,35.581,36.355,14.925,3.746
Jason Spurgin,Sydney,1,0,2.43333333333333,2,2,,1,1,,,0,0,,0,2,2,0,0,,0,1,1,,5,,,,0,0,,33.333,166.667,3.927,8,9.4,5,0.869,32.877,32.877,16.438,16.438,0,0,0,32.877,32.877,0,0,,0,16.438,16.438,,82.192,,,,,131.507,154.521,82.192,5.557
Javon Freeman-Liberty,Brisbane,9,6,28.4555555555556,5,13.111,38.136,1.111,4.222,26.316,42.373,2.333,2.889,80.769,1.222,3.667,4.889,3.444,1.444,,1.667,2.667,0.222,,13.444,,,,1,0,,13.012,78.858,7.179,26.111,27.478,8.444,2.892,7.029,18.43,1.562,5.935,3.28,4.061,1.718,5.154,6.872,4.842,2.03,,2.343,3.749,0.312,,18.899,,,,,36.704,38.626,11.87,3.926
Jaylen Adams,Brisbane,13,6,27.7423076923077,4.231,10.231,41.353,0.923,3.077,30,45.865,3.462,4.615,75,0.462,2.154,2.615,5.308,2,,1.385,3.308,0.308,,12.846,,,,0,0,,15.844,82.51,5.977,24.538,25.715,8.212,2.736,6.1,14.751,1.331,4.436,4.991,6.655,0.665,3.106,3.771,7.653,2.884,,1.996,4.769,0.444,,18.522,,,,,35.381,37.077,11.84,3.811
Jaylin Galloway,Sydney,39,25,22.2448717948718,3.385,7.641,44.295,1.692,4.538,37.288,55.369,1.231,1.718,71.642,0.359,2.641,3,1.385,1.231,,1.103,0.769,0.564,,9.692,,,,0,0,,7.291,105.74,5.346,18.923,19.6,7.324,2.053,6.086,13.74,3.043,8.161,2.213,3.089,0.645,4.749,5.395,2.49,2.213,,1.983,1.383,1.014,,17.428,,,,,34.027,35.244,13.169,3.552
Jed Richardson,Cairns,2,0,2.08333333333333,0,0,,0,0,,,0,0,,0,1,1,0,1,,0,0,0,,0,,,,0,0,,,,0,1,1.2,0.25,0.119,0,0,0,0,0,0,0,19.2,19.2,0,19.2,,0,0,0,,0,,,,,19.2,23.04,4.8,0.482
Jensen Bradtke,Brisbane,11,0,4.36515151515152,0.273,1.091,25,0.091,0.909,10,29.167,0.182,0.364,,0.364,0.545,0.909,0.091,0.273,,0,0.182,0,,0.818,,,,0,0,,11.933,57.107,0.106,1.545,1.864,0.409,0.272,2.499,9.997,0.833,8.33,1.666,3.332,3.332,4.998,8.33,0.833,2.499,,0,1.666,0,,7.497,,,,,14.162,17.077,3.749,1.378
Jesse Edwards,Melbourne,33,30,22.1651515151515,5.061,7.848,64.479,0,0.091,,64.479,3.152,5.03,62.651,3.061,5.333,8.394,0.758,2.788,,0.606,1.424,1.121,,13.273,,,,8,0,,11.633,115.555,9.054,26.727,28.239,12.227,2.571,9.133,14.164,0,0.164,5.687,9.078,5.523,9.625,15.148,1.367,5.031,,1.094,2.57,2.023,,23.952,,,,,48.233,50.962,22.066,4.403
Jesse Wagstaff,Perth,35,0,9.2547619047619,0.914,2.171,42.105,0.286,0.829,34.483,48.684,1.114,1.2,92.857,0.771,1.2,1.971,0.743,1.543,,0.457,0.171,0.086,,3.229,,,,0,0,,4.744,112.46,2.068,7.971,8.166,3.164,0.95,3.952,9.385,1.235,3.581,4.816,5.187,3.334,5.187,8.521,3.211,6.668,,1.976,0.741,0.37,,13.954,,,,,34.453,35.293,13.676,3.508
Jo Lual-Acuil Jr,Perth,37,37,27.4328828828829,6.73,12.162,55.333,0.027,0.486,5.556,55.444,3.378,5.946,56.818,2.351,4.459,6.811,1.297,2.595,,0.676,1.514,1.541,,16.865,,,,6,0,,8.605,103.517,9.124,30.703,32.119,11.912,3.019,9.813,17.734,0.039,0.709,4.926,8.67,3.429,6.502,9.931,1.892,3.783,,0.985,2.207,2.246,,24.591,,,,,44.768,46.833,17.369,4.286
John Brown,South East Melbourne,37,37,28.0927927927928,4.432,9.108,48.665,0.027,0.351,7.692,48.813,1.784,2.243,79.518,3.757,2.595,6.351,2.351,2.324,,2.108,0.541,0.216,,10.676,,,,5,0,,4.162,100.376,7.367,28.297,28.257,11.679,2.824,6.311,12.969,0.038,0.5,2.54,3.194,5.349,3.694,9.043,3.348,3.309,,3.002,0.77,0.308,,15.201,,,,,40.291,40.233,16.629,3.885
John Jenkins,Adelaide,18,11,19.3518518518519,3.333,7.333,45.455,2.389,5.833,40.952,61.742,0.667,0.722,92.308,0.167,0.833,1,0.833,1.722,,0.5,0.778,0.056,,9.722,,,,0,0,,8.397,115.344,3.199,12.5,13.061,4.493,1.121,6.89,15.158,4.938,12.057,1.378,1.493,0.344,1.722,2.067,1.722,3.56,,1.033,1.608,0.115,,20.096,,,,,25.837,26.997,9.287,2.048
Johny Narkle,Illawarra,18,0,7.67222222222222,0.667,1.722,38.71,0.111,0.722,15.385,41.935,0.611,0.778,78.571,0.833,0.944,1.778,0.389,0.944,,0.333,0.278,0.167,,2.056,,,,0,0,,10.171,87.761,1.07,5.556,5.994,2.153,0.735,3.476,8.979,0.579,3.765,3.186,4.055,4.345,4.924,9.269,2.028,4.924,,1.738,1.448,0.869,,10.717,,,,,28.965,31.253,11.224,3.352
Jonah Antonio,Illawarra,6,0,4.21666666666667,0.167,1.333,,0.167,1.167,,,0.333,0.333,,0.167,0.167,0.333,0,0.167,,0,0,0,,0.833,,,,0,0,,0,56.306,-0.154,1.167,1.233,-0.083,0.174,1.581,12.648,1.581,11.067,3.162,3.162,1.581,1.581,3.162,0,1.581,,0,0,0,,7.905,,,,,11.067,11.7,-0.791,0.809
Jonah Bolden,Illawarra,8,2,15.8416666666667,1.75,3.25,53.846,0,1,,53.846,0.875,1.25,70,1.875,3.625,5.5,0.5,2.125,,0.625,1.25,0.875,,4.375,,,,0,0,,22.523,86.634,3.46,12.875,14.975,5.75,1.638,4.419,8.206,0,2.525,2.209,3.156,4.734,9.153,13.887,1.262,5.366,,1.578,3.156,2.209,,11.047,,,,,32.509,37.812,14.519,3.883
Jordan Hunter,South East Melbourne,37,37,20.1720720720721,4.108,8.162,50.331,1.432,3.568,40.152,59.106,1.973,2.541,77.66,2.054,3.811,5.865,0.838,2.703,,0.486,0.838,0.703,,11.622,,,,3,0,,7.648,114.863,6.271,21.459,22.646,9.297,2.109,8.146,16.185,2.84,7.074,3.912,5.038,4.073,7.557,11.63,1.661,5.359,,0.965,1.661,1.393,,23.045,,,,,42.553,44.906,18.436,3.918
Josh Bannan,Tasmania,34,34,30.5274509803922,6.059,12.235,49.519,0.647,2.265,28.571,52.163,2.676,3.941,67.91,2.588,6.882,9.471,2.265,2.382,,0.382,1.265,0.118,,15.441,,,,14,0,,7.227,101.359,10.783,30.471,30.438,12.846,2.47,7.939,16.032,0.848,2.967,3.507,5.164,3.391,9.018,12.409,2.967,3.122,,0.501,1.657,0.154,,20.233,,,,,39.925,39.883,16.832,3.075
Karim Lopez,New Zealand,31,31,25.7338709677419,4.387,8.774,50,0.968,2.968,32.609,55.515,2.129,2.968,71.739,1.806,4.323,6.129,2,2.677,,1.194,1.548,0.968,,11.871,,,,2,0,,11.361,102.086,7.255,25.71,27.161,10.5,2.962,6.819,13.638,1.504,4.613,3.309,4.613,2.808,6.719,9.527,3.109,4.162,,1.855,2.407,1.504,,18.452,,,,,39.962,42.219,16.321,4.506
Keanu Rasmussen,Adelaide,14,0,4.2,0.286,1,28.571,0,0.214,,28.571,0.071,0.143,,0.071,0.357,0.429,0.143,0.286,,0.143,0.286,0,,0.643,,,,0,0,,19.157,47.669,-0.023,1.214,1.514,0.036,0.238,2.721,9.524,0,2.041,0.68,1.361,0.68,3.401,4.082,1.361,2.721,,1.361,2.721,0,,6.122,,,,,11.565,14.422,0.34,1.685
Kendric Davis,Sydney,40,40,32.7120833333333,8.5,18.05,47.091,2.55,7.05,36.17,54.155,5.5,6.75,81.481,0.35,3.375,3.725,7.1,2.125,,1.05,1.85,0,,25.05,,,,7,0,,6.173,109.532,13.687,43.3,41.47,17.1,3.082,10.394,22.071,3.118,8.621,6.725,8.254,0.428,4.127,4.555,8.682,2.598,,1.284,2.262,0,,30.631,,,,,52.947,50.709,20.91,3.616
Kian Dennis,Cairns,1,0,4.23333333333333,0,0,,0,0,,,0,0,,0,0,0,1,1,,0,0,0,,0,,,,0,0,,0,,0,2,1.5,0.5,0.123,0,0,0,0,0,0,0,0,0,9.449,9.449,,0,0,0,,0,,,,,18.898,14.173,4.724,0.409
Kobe McDowell-White,Illawarra,5,0,3.52333333333333,0.4,1.8,,0.2,1.2,,,0,0,,0.2,0.6,0.8,0.2,0.6,,0,0,0,,1,,,,0,0,,0,55.556,-0.062,2.2,2.26,0.2,0.305,4.541,20.435,2.271,13.623,0,0,2.271,6.812,9.082,2.271,6.812,,0,0,0,,11.353,,,,,24.976,25.658,2.271,1.874
Kobe Williamson,Tasmania,7,0,3.12142857142857,0,0.429,,0,0,,,0,0,,0,0.714,0.714,0,0.286,,0.143,0.143,0,,0,,,,0,0,,25,0,0,0.857,1.143,0.071,0.125,0,5.492,0,0,0,0,0,9.153,9.153,0,3.661,,1.831,1.831,0,,0,,,,,10.984,14.645,0.915,0.678
Kody Stattmann,Cairns,23,7,17.3434782608696,2.13,5.348,39.837,0.652,2.13,30.612,45.935,1.652,1.957,84.444,0.783,1.478,2.261,1.043,1.304,,0.435,0.826,0.217,,6.565,,,,0,0,,10.226,93.325,2.921,11.217,11.974,3.929,1.321,4.914,12.334,1.504,4.914,3.81,4.512,1.805,3.409,5.214,2.407,3.008,,1.003,1.905,0.501,,15.142,,,,,25.871,27.616,9.062,2.791
Kouat Noi,Sydney,39,0,18.4636752136752,3.487,8.359,41.718,1.462,4.59,31.844,50.46,1.538,1.923,80,1.077,2.615,3.692,0.744,1.128,,0.538,0.615,0.154,,9.974,,,,1,0,,5.825,101.567,4.645,16.128,16.982,6.279,1.552,7.555,18.109,3.166,9.943,3.333,4.166,2.333,5.666,7.999,1.611,2.444,,1.167,1.333,0.333,,21.609,,,,,34.94,36.79,13.603,3.014
Kristian Doolittle,Perth,37,37,34.3324324324324,5.676,12.622,44.968,1.757,5.189,33.854,51.927,3.973,4.73,84,1.054,6.189,7.243,3.595,1.324,,0.757,2.108,0.135,,17.081,,,,7,0,,10.331,101.608,11.865,30.919,31.732,13.253,2.83,6.613,14.705,2.047,6.046,4.629,5.511,1.228,7.211,8.439,4.188,1.543,,0.882,2.456,0.157,,19.901,,,,,36.023,36.971,15.441,3.217
Kyle Adnam,Cairns,18,0,11.0185185185185,0.722,3.833,18.841,0.167,1.722,9.677,21.014,0.889,0.889,100,0.167,0.833,1,1.333,1.722,,0.056,0.889,0,,2.5,,,,0,0,,13.788,48.892,-0.587,4.556,4.978,-0.278,0.677,2.622,13.916,0.605,6.252,3.227,3.227,0.605,3.025,3.63,4.84,6.252,,0.202,3.227,0,,9.076,,,,,16.538,18.071,-1.008,1.843
Kyle Bowen,Melbourne,35,2,13.5061904761905,1.314,2.886,45.545,0.171,0.571,30,48.515,0.886,1.343,65.957,1.429,1.914,3.343,1.114,1.371,,0.629,0.829,0.429,,3.686,,,,0,0,,15.289,85.612,2.807,10.771,11.711,4.539,1.435,3.892,8.546,0.508,1.692,2.623,3.977,4.231,5.669,9.9,3.3,4.062,,1.862,2.454,1.269,,10.916,,,,,31.901,34.685,13.444,4.016
Kyrin Galloway,Cairns,33,22,22.3186868686869,2.758,6.212,44.39,1.242,3.515,35.345,54.39,0.879,1.152,76.316,0.879,3.758,4.636,0.697,2.182,,0.455,0.515,0.939,,7.636,,,,1,0,,6.495,105.563,4.581,16.97,17.912,6.727,1.808,4.942,11.133,2.227,6.3,1.575,2.064,1.575,6.734,8.309,1.249,3.91,,0.815,0.923,1.684,,13.686,,,,,30.413,32.102,12.057,3.079
Lachlan Barker,Cairns,26,4,13.9019230769231,1.538,3.5,43.956,0.538,1.538,35,51.648,0.846,1,84.615,0.308,0.885,1.192,1.231,0.962,,0.115,0.538,0.038,,4.462,,,,0,0,,9.431,99.622,2.081,7.5,7.662,2.798,0.867,4.427,10.071,1.549,4.427,2.435,2.877,0.885,2.545,3.431,3.541,2.767,,0.332,1.549,0.111,,12.837,,,,,21.58,22.045,8.051,2.037
Lachlan Dent,Sydney,1,0,5.5,0,0,,0,0,,,0,0,,0,3,3,0,2,,0,2,1,,0,,,,0,0,,100,0,-0.336,2,4.6,0.25,0.401,0,0,0,0,0,0,0,21.818,21.818,0,14.545,,0,14.545,7.273,,0,,,,,14.545,33.455,1.818,1.238
Lamar Patterson,Brisbane,9,3,19.9703703703704,4.111,8.556,48.052,0.778,2.556,30.435,52.597,0.889,1.778,50,0.778,3.111,3.889,3,1.667,,1.222,1.889,0.333,,9.889,,,,0,0,,13.277,88.084,6.011,20.667,21.833,7.75,2.44,8.234,17.136,1.558,5.119,1.78,3.561,1.558,6.231,7.789,6.009,3.338,,2.448,3.783,0.668,,19.807,,,,,41.395,43.731,15.523,4.63
Lat Mayen,Perth,28,1,7.75297619047619,0.75,2.286,32.812,0.393,1.286,30.556,41.406,0.25,0.464,53.846,0.5,1.036,1.536,0.214,0.607,,0.143,0.5,0.071,,2.143,,,,0,0,,15.604,71.667,0.684,3.75,4.45,1.156,0.57,3.869,11.793,2.027,6.633,1.29,2.395,2.58,5.344,7.923,1.106,3.132,,0.737,2.58,0.369,,11.056,,,,,19.347,22.959,5.965,2.275
Liam Judd,New Zealand,2,0,2.69166666666667,0.5,1.5,,0.5,1,,,0,0,,0.5,0.5,1,0,0.5,,0.5,0,0,,1.5,,,,0,0,,0,100,0.715,4,4.2,1.5,0.444,7.43,22.291,7.43,14.861,0,0,7.43,7.43,14.861,0,7.43,,7.43,0,0,,22.291,,,,,59.443,62.415,22.291,3.201
Lloyd McVeigh,Cairns,9,0,4.41296296296296,0.444,1.556,28.571,0,0.444,,28.571,0.556,0.556,,0.333,0.667,1,0.111,0.333,,0,0.222,0,,1.444,,,,0,0,,10.417,71.429,0.43,2.222,2.589,0.625,0.35,4.029,14.1,0,4.029,5.036,5.036,3.021,6.043,9.064,1.007,3.021,,0,2.014,0,,13.093,,,,,20.143,23.466,5.665,1.67
Luca Yates,Illawarra,13,1,5.02435897435897,0.154,0.846,18.182,0,0.154,,18.182,0.154,0.385,,0.308,0.231,0.538,0.077,0.231,,0.077,0.231,0.077,,0.462,,,,0,0,,17.442,37.037,-0.213,1.154,1.454,0.048,0.219,1.225,6.736,0,1.225,1.225,3.062,2.45,1.837,4.287,0.612,1.837,,0.612,1.837,0.612,,3.674,,,,,9.186,11.574,0.383,1.439
Lueth Awan,Sydney,13,0,3.19615384615385,0.462,1,46.154,0.385,0.846,45.455,65.385,0,0,,0.077,0.462,0.538,0.154,0.308,,0.077,0.231,0.077,,1.308,,,,0,0,,16.667,106.25,0.642,2.154,2.415,0.904,0.335,5.776,12.515,4.813,10.59,0,0,0.963,5.776,6.739,1.925,3.851,,0.963,2.888,0.963,,16.366,,,,,26.955,30.229,11.312,3.075
Luke Rosendale,South East Melbourne,4,0,1.52083333333333,0.5,1,,0.25,0.75,,,0.5,0.75,,0,0,0,0,0,,0,0,0,,1.75,,,,0,0,,0,131.579,0.532,1.75,1.75,0.719,0.175,13.151,26.301,6.575,19.726,13.151,19.726,0,0,0,0,0,,0,0,0,,46.027,,,,,46.027,46.027,18.904,0.738
Majok Deng,Tasmania,29,9,23.8488505747126,3.276,7.793,42.035,1.034,3.552,29.126,48.673,3.172,3.586,88.462,1.552,3.31,4.862,0.966,2,,0.862,0.828,0.655,,10.759,,,,1,0,,7.413,105.491,6.567,20.621,21.766,8.259,2.175,5.494,13.071,1.735,5.957,5.321,6.015,2.603,5.552,8.155,1.619,3.354,,1.446,1.388,1.099,,18.045,,,,,34.586,36.506,13.852,3.509
Makuach Maluach,Sydney,38,14,19.9929824561403,3.211,6.711,47.843,1,3.053,32.759,55.294,0.921,1.158,79.545,0.526,2.579,3.105,0.816,1.5,,0.553,0.763,0.211,,8.342,,,,0,0,,8.673,104.496,4.117,13.842,14.818,5.401,1.475,6.423,13.426,2.001,6.107,1.843,2.317,1.053,5.16,6.213,1.632,3.001,,1.106,1.527,0.421,,16.69,,,,,27.694,29.647,10.806,2.709
Malique Lewis,South East Melbourne,29,11,20.9522988505747,2.586,5.69,45.455,1.103,2.931,37.647,55.152,0.586,0.69,85,1.276,3.034,4.31,2.034,2.276,,1.172,0.586,0.655,,6.862,,,,1,0,,6.805,104.298,4.842,19.724,19.983,8.026,2.293,4.937,10.862,2.107,5.596,1.119,1.317,2.436,5.793,8.229,3.884,4.345,,2.238,1.119,1.251,,13.1,,,,,37.655,38.149,15.322,4.254
Malith Machar,Melbourne,23,0,4.40797101449275,0.522,1.435,36.364,0.261,0.783,33.333,45.455,0.261,0.435,60,0.174,0.391,0.565,0.087,0.391,,0.043,0.13,0.087,,1.565,,,,0,0,,7.075,89.109,0.423,2.435,2.635,0.685,0.337,4.735,13.02,2.367,7.102,2.367,3.945,1.578,3.551,5.129,0.789,3.551,,0.395,1.184,0.789,,14.204,,,,,22.094,23.909,6.214,2.108
Malual Goc,Sydney,9,0,2.96111111111111,0.444,0.889,,0.111,0.444,,,0.667,0.778,,0.222,0.667,0.889,0,0,,0,0.111,0,,1.667,,,,0,0,,8.278,124.172,1.129,2.333,2.622,1.319,0.321,6.004,12.008,1.501,6.004,9.006,10.507,3.002,9.006,12.008,0,0,,0,1.501,0,,22.514,,,,,31.52,35.422,17.824,1.528
Marcus Lee,Cairns,33,11,20.4414141414141,2.758,4.636,59.477,0,0.061,,59.477,1.242,2.485,50,1.879,3.545,5.424,1.182,2.636,,0.455,1.091,1.091,,6.758,,,,2,0,,13.632,99.076,4.285,17.303,18.585,7.205,2.053,5.396,9.072,0,0.119,2.431,4.862,3.676,6.938,10.614,2.313,5.159,,0.889,2.135,2.135,,13.223,,,,,33.859,36.367,14.098,3.843
Mason Jones,Perth,5,5,28.3333333333333,3.4,9.8,34.694,1.6,5.8,27.586,42.857,3,3.8,78.947,0.2,1.4,1.6,2.8,2.8,,0.6,2,0.2,,11.4,,,,0,0,,12.291,84.62,3.242,17,17.92,4.075,1.779,4.8,13.835,2.259,8.188,4.235,5.365,0.282,1.976,2.259,3.953,3.953,,0.847,2.824,0.282,,16.094,,,,,24,25.299,5.753,2.402
Mason Peatling,Illawarra,33,21,17.9267676767677,2.515,5.424,46.369,0.545,1.909,28.571,51.397,0.485,0.879,55.172,1.424,3.333,4.758,1.697,1.697,,0.394,1.182,0.394,,6.061,,,,0,0,,13.6,86.67,3.78,14.212,15.497,6.042,1.763,5.612,12.103,1.217,4.26,1.082,1.961,3.178,7.438,10.616,3.786,3.786,,0.879,2.637,0.879,,13.523,,,,,31.712,34.578,13.481,3.652
Matt Kenyon,Adelaide,41,4,10.2906504065041,0.756,1.756,43.056,0.22,0.756,29.032,49.306,0.317,0.512,61.905,0.585,0.976,1.561,0.512,1.024,,0.415,0.317,0.024,,2.049,,,,0,0,,11.281,89.134,1.088,5.317,5.69,1.979,0.705,2.939,6.826,0.853,2.939,1.232,1.991,2.275,3.792,6.068,1.991,3.982,,1.612,1.232,0.095,,7.964,,,,,20.668,22.118,7.691,2.301
Matthew Dellavedova,Sydney,34,27,23.3656862745098,3.265,8.265,39.502,0.824,2.853,28.866,44.484,0.971,1.176,82.5,0.824,2.324,3.147,4.765,1.647,,0.706,1.147,0.088,,8.324,,,,0,0,,7.806,83.827,5.351,21.088,20.482,7.838,2.094,5.589,14.148,1.41,4.884,1.662,2.014,1.41,3.978,5.387,8.157,2.82,,1.208,1.964,0.151,,14.249,,,,,36.101,35.064,13.418,3.317
Mawot Mag,Cairns,16,1,11.428125,1,2.562,39.024,0.312,0.875,35.714,45.122,0.562,0.812,69.231,0.938,1.312,2.25,0.5,1.688,,0.5,0.375,0.062,,2.875,,,,0,0,,9.881,87.253,1.188,7.062,7.637,2.414,0.891,3.5,8.969,1.094,3.063,1.969,2.844,3.281,4.594,7.875,1.75,5.906,,1.75,1.313,0.219,,10.063,,,,,24.72,26.732,8.45,2.671
Max Darling,New Zealand,22,1,9.30681818181818,1.045,2.273,46,0.364,1.091,33.333,54,0.318,0.591,53.846,0.455,0.909,1.364,0.455,1.591,,0.182,0.182,0.136,,2.773,,,,0,0,,5.737,102.143,0.844,5.636,5.864,1.778,0.702,4.493,9.768,1.563,4.689,1.368,2.54,1.954,3.907,5.861,1.954,6.838,,0.781,0.781,0.586,,11.917,,,,,24.225,25.201,7.643,2.554
Michael Harris,Adelaide,16,0,4.68854166666667,0.25,1.188,21.053,0.188,0.812,23.077,28.947,0.062,0.062,,0.125,0.312,0.438,0.188,0.562,,0.375,0.125,0,,0.75,,,,0,0,,8.183,55.97,0.041,2.438,2.556,0.352,0.311,2.133,10.131,1.6,6.932,0.533,0.533,1.066,2.666,3.733,1.6,4.799,,3.199,1.066,0,,6.399,,,,,20.795,21.808,2.999,2.066
Milton Doyle,Melbourne,35,24,27.7385714285714,5.771,14.286,40.4,2.057,6.343,32.432,47.6,2.4,2.771,86.598,0.486,3.057,3.543,4.257,2.2,,0.8,2.6,0.314,,16,,,,1,0,,11.627,88.373,7.518,26.343,27.38,8.696,2.664,8.323,20.601,2.966,9.147,3.461,3.996,0.7,4.409,5.109,6.139,3.172,,1.154,3.749,0.453,,23.073,,,,,37.987,39.483,12.541,3.687
Mitch Norton,Brisbane,23,21,25.3224637681159,2.087,7,29.814,0.522,2.826,18.462,33.54,2.826,3.261,86.667,0.913,1.522,2.435,3.217,2.478,,0.652,1.565,0.087,,7.522,,,,0,0,,11.842,75.217,2.7,15.478,15.922,4.255,1.76,3.297,11.057,0.824,4.464,4.464,5.151,1.442,2.404,3.846,5.082,3.915,,1.03,2.472,0.137,,11.882,,,,,24.45,25.15,6.722,2.61
Mojave King,Cairns,22,20,25.8045454545455,3.955,8.682,45.55,1.864,4.773,39.048,56.283,1.455,1.955,74.419,0.864,3.5,4.364,1.409,1.682,,0.409,1.273,0.273,,11.227,,,,1,0,,10.412,103.816,5.606,18.136,19.35,7.449,1.86,6.13,13.458,2.889,7.398,2.255,3.03,1.339,5.425,6.764,2.184,2.607,,0.634,1.973,0.423,,17.404,,,,,28.113,29.995,11.547,2.718
Nathan Sobey,South East Melbourne,36,36,30.4592592592593,7.611,17.5,43.492,3.222,9.278,34.731,52.698,4.028,5.083,79.235,0.583,3.444,4.028,4.833,2.139,,1.667,2.5,0.194,,22.472,,,,2,0,,9.235,101.059,10.858,37.028,37.639,13.733,3.294,9.995,22.982,4.232,12.184,5.289,6.676,0.766,4.523,5.289,6.347,2.809,,2.189,3.283,0.255,,29.511,,,,,48.626,49.429,18.034,4.182
Nicholas Stoddart,Tasmania,21,0,6.73650793650794,0.619,2.143,28.889,0.095,0.667,14.286,31.111,0.667,0.952,70,0.143,0.619,0.762,0.905,0.857,,0.19,0.238,0.143,,2,,,,0,0,,6.427,71.429,0.651,5.095,5.033,1.214,0.643,3.676,12.724,0.566,3.959,3.959,5.655,0.848,3.676,4.524,5.372,5.09,,1.131,1.414,0.848,,11.876,,,,,30.254,29.887,7.21,3.273
Nick Marshall,Tasmania,34,26,26.6862745098039,3.853,7.206,53.469,1.265,2.971,42.574,62.245,1.412,1.824,77.419,1.588,3.647,5.235,2.029,2.412,,0.676,1.559,0.265,,10.382,,,,0,0,,13.442,108.522,7.025,19.382,20.974,8.824,2.183,5.775,10.801,1.896,4.453,2.116,2.733,2.381,5.467,7.847,3.042,3.615,,1.014,2.337,0.397,,15.562,,,,,29.052,31.437,13.226,3.128
Nick Rakocevic,Adelaide,39,0,18.3854700854701,3.667,6.897,53.16,0.308,1.077,28.571,55.39,1.205,2.128,56.627,2.821,3.718,6.538,1.128,2.256,,0.59,1.179,0.667,,8.846,,,,8,0,,11.63,98.145,5.282,20.077,20.974,8.561,2.17,7.977,15.006,0.669,2.343,2.622,4.63,6.136,8.089,14.225,2.455,4.909,,1.283,2.566,1.45,,19.246,,,,,43.68,45.632,18.625,4.452
Nicolas Tata,Melbourne,1,0,0.0333333333333333,0,0,,0,0,,,0,0,,0,0,0,0,0,,0,0,0,,0,,,,0,0,,,,0,0,0,0,0,0,0,0,0,0,0,0,0,0,0,0,,0,0,0,,0,,,,,0,0,0,0
Noa Kouakou-Heugue,Perth,16,0,3.9375,0.562,1,56.25,0,0.062,,56.25,0.25,0.5,,0.375,0.375,0.75,0,0.188,,0.062,0,0,,1.375,,,,0,0,,0,112.705,0.803,2.312,2.462,1.062,0.301,5.714,10.159,0,0.635,2.54,5.079,3.81,3.81,7.619,0,1.905,,0.635,0,0,,13.968,,,,,23.492,25.016,10.794,1.516
Owen Foxwell,South East Melbourne,32,31,23.8864583333333,3.812,9.438,40.397,1.281,3.719,34.454,47.185,1.781,2.219,80.282,1.062,1.906,2.969,4.438,2.344,,1.25,1.438,0.156,,10.688,,,,1,0,,8.825,90.18,5.581,24.031,23.688,8.504,2.437,6.384,15.804,2.146,6.227,2.983,3.715,1.779,3.192,4.971,7.431,3.925,,2.093,2.407,0.262,,17.897,,,,,40.242,39.667,14.241,3.852
Parker Jackson-Cartwright,New Zealand,34,34,30.8720588235294,7,15.5,45.161,1.412,4.618,30.573,49.715,2.471,3.324,74.336,1.059,3.324,4.382,7.412,1.735,,1.824,2.647,0.059,,17.882,,,,9,0,,9.796,91.193,10.984,38.765,37.259,14.342,3.392,9.07,20.083,1.829,5.983,3.201,4.306,1.372,4.306,5.678,9.603,2.248,,2.363,3.43,0.076,,23.17,,,,,50.226,48.275,18.582,4.222
Patrick Ryan,South East Melbourne,13,0,3.19230769230769,0.538,1.077,50,0.385,0.769,50,67.857,0,0,,0.077,0.154,0.231,0.077,0.308,,0.154,0.154,0,,1.462,,,,0,0,,11.765,118.75,0.578,2,2.162,0.769,0.27,6.747,13.494,4.819,9.639,0,0,0.964,1.928,2.892,0.964,3.855,,1.928,1.928,0,,18.313,,,,,25.06,27.084,9.639,2.071
Quentin Peterson,Illawarra,26,13,24.3474358974359,5.385,12.423,43.344,2.385,6.346,37.576,52.941,2.115,2.385,88.71,0.423,2.846,3.269,3.538,2.231,,0.808,1.923,0.115,,15.269,,,,0,0,,10.157,99.181,6.698,24.538,25.346,9.038,2.333,8.846,20.41,3.918,10.426,3.475,3.918,0.695,4.676,5.371,5.813,3.665,,1.327,3.159,0.19,,25.086,,,,,40.314,41.641,14.849,3.561
Reuben Te Rangi,New Zealand,34,12,18.6455882352941,2.441,5.794,42.132,1.059,3.176,33.333,51.269,0.882,1.353,65.217,0.853,1.676,2.529,0.618,1.588,,0.324,0.882,0.029,,6.824,,,,0,0,,11.184,93.836,2.283,9.882,10.962,3.375,1.107,5.237,12.43,2.271,6.814,1.893,2.902,1.83,3.596,5.426,1.325,3.407,,0.694,1.893,0.063,,14.638,,,,,21.2,23.516,7.24,2.053
Reyne Smith,Cairns,14,14,23.6904761904762,3.357,8.571,39.167,2,5.571,35.897,50.833,1.143,1.214,94.118,0.429,1.643,2.071,1.286,1.357,,0.571,0.786,0.143,,9.857,,,,0,0,,7.03,99.653,4.353,15.071,15.629,5.17,1.5,5.668,14.472,3.377,9.407,1.93,2.05,0.724,2.774,3.497,2.171,2.291,,0.965,1.327,0.241,,16.643,,,,,25.447,26.388,8.729,2.361
Rob Baker,New Zealand,25,21,20.6993333333333,3.6,7.88,45.685,1.72,4.44,38.739,56.599,1.12,1.64,68.293,1.08,3.76,4.84,0.64,2.28,,0.84,1.04,0.76,,10.04,,,,1,0,,10.115,104.132,5.395,19.08,20.568,7.475,2.032,6.957,15.228,3.324,8.58,2.164,3.169,2.087,7.266,9.353,1.237,4.406,,1.623,2.01,1.469,,19.402,,,,,36.871,39.746,14.445,3.726
Robert Loe,New Zealand,30,7,13.7183333333333,1.533,3.6,42.593,0.767,2.333,32.857,53.241,0.933,1.267,73.684,0.733,2,2.733,1.133,1.167,,0.667,0.667,0.333,,4.767,,,,0,0,,11.191,98.811,3.076,11.433,12.08,4.708,1.427,4.471,10.497,2.235,6.804,2.721,3.693,2.138,5.832,7.97,3.305,3.402,,1.944,1.944,0.972,,13.899,,,,,33.337,35.223,13.729,3.88
Ryley Haywood,Tasmania,1,0,7.58333333333333,0,2,,0,2,,,0,0,,1,0,1,0,1,,0,0,1,,0,,,,0,0,,0,0,-1.17,4,4.2,0,0.271,0,10.549,0,10.549,0,0,5.275,0,5.275,0,5.275,,0,0,5.275,,0,,,,,21.099,22.154,0,0.79
Sam Froling,Illawarra,15,7,20.1533333333333,4.533,8.267,54.839,0,0.2,,54.839,1.933,3.267,59.184,2.8,3.933,6.733,2.333,1.667,,0.133,1.4,0.2,,11,,,,3,0,,10.419,99.063,6.215,21.6,22.18,9.758,2.032,8.998,16.408,0,0.397,3.837,6.484,5.557,7.807,13.364,4.631,3.308,,0.265,2.779,0.397,,21.833,,,,,42.871,44.022,19.368,3.546
Sam McDaniel,Brisbane,10,7,18.2183333333333,2.7,5.5,49.091,0.9,2.1,42.857,57.273,0.5,1.1,45.455,0.7,1.6,2.3,1.2,1.8,,0.5,0.9,0.2,,6.8,,,,0,0,,11.133,98.78,3.128,11.8,12.56,4.262,1.389,5.928,12.076,1.976,4.611,1.098,2.415,1.537,3.513,5.05,2.635,3.952,,1.098,1.976,0.439,,14.93,,,,,25.908,27.577,9.359,2.806
Sam Mennenga,New Zealand,28,28,27.852380952381,6.821,12.929,52.762,0.821,3.286,25,55.939,3.321,4.821,68.889,2.286,4.5,6.786,1.714,1.964,,0.607,1.25,0.429,,17.786,,,,4,0,,6.939,109.115,9.752,29.321,30.357,12.46,2.626,9.797,18.567,1.18,4.719,4.77,6.924,3.283,6.463,9.745,2.462,2.821,,0.872,1.795,0.615,,25.543,,,,,42.11,43.597,17.894,3.62
Sam Waardenburg,Cairns,8,8,27.8375,5.375,9.5,56.579,1.25,2.875,43.478,63.158,3.5,4.375,80,0.625,4.75,5.375,2.75,1.5,,0.5,2,0.75,,15.5,,,,1,0,,12.365,115.456,10.174,26.75,27.825,12.172,2.729,7.723,13.651,1.796,4.131,5.029,6.286,0.898,6.825,7.723,3.952,2.155,,0.718,2.874,1.078,,22.272,,,,,38.437,39.982,17.49,3.786
Sean Bairstow,New Zealand,24,4,10.2180555555556,0.542,1.958,27.66,0.083,0.5,16.667,29.787,0.167,0.208,,0.333,1.625,1.958,0.667,0.958,,0.167,0.333,0.083,,1.333,,,,0,0,,10.929,55.944,0.792,4.708,5.1,1.443,0.647,2.12,7.666,0.326,1.957,0.652,0.816,1.305,6.361,7.666,2.61,3.752,,0.652,1.305,0.326,,5.22,,,,,18.431,19.965,5.648,2.141
Shaun Bruce,Sydney,30,0,8.51611111111111,0.833,2.033,40.984,0.467,1.3,35.897,52.459,0.2,0.233,,0.4,0.933,1.333,1.5,0.9,,0.1,0.133,0.167,,2.333,,,,0,0,,3.537,102.82,1.784,7.2,6.85,3.004,0.828,3.914,9.551,2.192,6.106,0.939,1.096,1.879,4.384,6.263,7.045,4.227,,0.47,0.626,0.783,,10.96,,,,,33.818,32.174,14.111,3.218
Shea Ili,Melbourne,12,2,14.6444444444444,2.083,4.75,43.86,0.167,1.167,14.286,45.614,2.917,3.5,83.333,0.583,1,1.583,3.083,1.333,,0.75,1.333,0,,7.25,,,,0,0,,12.453,95.103,4.467,14.583,14.692,5.542,1.548,5.69,12.974,0.455,3.187,7.967,9.56,1.593,2.731,4.325,8.422,3.642,,2.049,3.642,0,,19.803,,,,,39.833,40.129,15.137,3.561
Sunday Dech,Perth,30,0,9.80888888888889,1.1,3.067,35.87,0.6,1.767,33.962,45.652,0.4,0.5,80,0.533,0.467,1,0.533,0.533,,0.3,0.267,0.1,,3.2,,,,0,0,,6.525,90.056,1.336,5.933,6.133,1.996,0.724,4.486,12.506,2.447,7.204,1.631,2.039,2.175,1.903,4.078,2.175,2.175,,1.223,1.087,0.408,,13.049,,,,,24.196,25.011,8.139,2.54
TJ Starks,Tasmania,7,0,13.9,2.143,6.143,34.884,0.429,1.429,30,38.372,0,0.143,,0.286,1,1.286,1.571,1,,0.286,1,0,,4.714,,,,0,0,,11.393,65.424,1.162,8,8.471,1.446,0.995,6.166,17.677,1.233,4.111,0,0.411,0.822,2.878,3.7,4.522,2.878,,0.822,2.878,0,,13.566,,,,,23.022,24.378,4.162,2.355
Tad Dufelmeier,Brisbane,1,0,3.65,0,1,,0,1,,,0,0,,0,0,0,0,1,,0,2,0,,0,,,,0,0,,66.667,0,-2.974,-4,-2,-3.25,0,0,10.959,0,10.959,0,0,0,0,0,0,10.959,,0,21.918,0,,0,,,,,-43.836,-21.918,-35.616,0
Tai Webster,New Zealand,16,0,16.403125,2.625,5.688,46.154,0.312,1.688,18.519,48.901,1.562,2.062,75.758,1,2.125,3.125,1.688,2.312,,0.812,0.875,0.062,,7.125,,,,0,0,,9.555,95.382,3.413,14.5,15.156,5.211,1.632,6.401,13.869,0.762,4.115,3.81,5.03,2.439,5.182,7.62,4.115,5.639,,1.981,2.134,0.152,,17.375,,,,,35.359,36.959,12.707,3.53
Taine Murray,Brisbane,28,15,23.4839285714286,2.25,5.679,39.623,0.964,3,32.143,48.113,0.429,0.679,63.158,0.536,1.393,1.929,1.179,1.571,,0.393,1.071,0.143,,5.893,,,,0,0,,13.023,83.604,1.89,9.643,10.511,2.817,1.213,3.832,9.672,1.642,5.11,0.73,1.156,0.912,2.372,3.285,2.007,2.677,,0.669,1.825,0.243,,10.037,,,,,16.425,17.903,4.798,1.933
Tanner Krebs,Melbourne,35,14,17.6780952380952,2.829,6.343,44.595,1.371,3.457,39.669,55.405,0.829,0.943,87.879,0.771,2.514,3.286,1,1.429,,0.371,0.229,0.086,,7.857,,,,0,0,,2.862,112.465,4.78,14.057,14.443,5.918,1.381,6.4,14.352,3.103,7.822,1.875,2.133,1.746,5.689,7.435,2.263,3.232,,0.84,0.517,0.194,,17.778,,,,,31.807,32.68,13.39,2.739
Taylor Britt,New Zealand,20,0,7.4375,0.6,2.2,27.273,0.05,0.45,,28.409,0.05,0.1,,0.2,0.65,0.85,1.05,0.95,,0.3,0.6,0.05,,1.3,,,,0,0,,15.408,45.71,0.148,4.1,4.345,0.625,0.605,3.227,11.832,0.269,2.42,0.269,0.538,1.076,3.496,4.571,5.647,5.109,,1.613,3.227,0.269,,6.992,,,,,22.05,23.368,3.361,2.757
Terry Taylor,Brisbane,17,17,30.9490196078431,5.176,11.882,43.564,0.824,3.706,22.222,47.03,0.765,1.588,48.148,2.176,4.176,6.353,1.765,2.235,,0.941,1.882,0.941,,11.941,,,,1,0,,11.599,82.561,6.019,24,25.976,8.39,2.807,6.69,15.357,1.064,4.79,0.988,2.053,2.813,5.398,8.211,2.281,2.889,,1.216,2.433,1.216,,15.433,,,,,31.019,33.573,10.843,3.572
Thomas Gerovich,Perth,5,0,1.90666666666667,0,0.2,,0,0,,,0,0,,0,0.6,0.6,0.2,0.8,,0,0,0,,0,,,,0,0,,0,0,-0.141,1,1.02,0.1,0.124,0,4.196,0,0,0,0,0,12.587,12.587,4.196,16.783,,0,0,0,,0,,,,,20.979,21.399,2.098,0.93
Tim Soares,Sydney,40,40,24.03625,4.4,7.85,56.051,1.075,2.65,40.566,62.898,1.525,1.9,80.263,1.55,4.275,5.825,1.375,2.375,,0.625,1,0.975,,11.4,,,,2,0,,9.041,117.696,7.311,23.025,24.253,10.344,2.46,7.322,13.064,1.789,4.41,2.538,3.162,2.579,7.114,9.694,2.288,3.952,,1.04,1.664,1.623,,18.971,,,,,38.317,40.36,17.214,3.948
Todd Blanchfield,Illawarra,32,3,17.9932291666667,1.812,5.25,34.524,0.969,3.438,28.182,43.75,0.469,0.562,83.333,0.656,3.562,4.219,0.906,1.062,,0.438,0.719,0.344,,5.062,,,,0,0,,10.091,81.44,3.157,12,13.109,4.68,1.441,4.029,11.671,2.154,7.642,1.042,1.25,1.459,7.92,9.379,2.015,2.362,,0.973,1.598,0.764,,11.254,,,,,26.677,29.143,10.403,2.963
Tohi Smith-Milner,Brisbane,28,1,13.7916666666667,1.321,3.536,37.374,0.536,2.214,24.194,44.949,0.821,1.143,71.875,0.607,2.071,2.679,1.75,1.714,,0.536,1.071,0.036,,4,,,,0,0,,15.618,78.278,2.274,9.75,10.482,3.473,1.271,3.833,10.255,1.554,6.422,2.382,3.315,1.761,6.008,7.769,5.076,4.972,,1.554,3.107,0.104,,11.601,,,,,28.278,30.401,10.073,3.162
Tom Koppens,Melbourne,21,1,5.27222222222222,0.714,1.476,48.387,0.095,0.476,20,51.613,0.381,0.571,66.667,0.381,0.381,0.762,0.333,0.714,,0.143,0.238,0.143,,1.905,,,,0,0,,10.356,96.899,0.77,3.714,3.938,1.274,0.509,5.419,11.2,0.723,3.613,2.89,4.335,2.89,2.89,5.781,2.529,5.419,,1.084,1.806,1.084,,14.451,,,,,28.18,29.878,9.664,3.221
Tom Wilson,Melbourne,27,0,5.72345679012346,0.593,1.889,31.373,0.296,1.111,26.667,39.216,0.667,0.889,75,0.185,1.037,1.222,0.519,0.741,,0.259,0.222,0,,2.148,,,,0,0,,7.357,85.85,1.103,4.741,4.948,1.546,0.616,4.142,13.201,2.071,7.765,4.659,6.212,1.294,7.248,8.542,3.624,5.177,,1.812,1.553,0,,15.013,,,,,33.132,34.582,10.807,3.11
Torrey Craig,Sydney,15,1,24.1544444444444,4.467,8.867,50.376,1.467,3.667,40,58.647,1.867,2.4,77.778,1.467,4.8,6.267,1.733,2.667,,0.733,1.267,0.933,,12.267,,,,1,0,,9.802,109.628,6.754,24.8,26.12,10.583,2.684,7.397,14.683,2.429,6.072,3.091,3.974,2.429,7.949,10.378,2.87,4.416,,1.214,2.098,1.546,,20.314,,,,,41.069,43.255,17.526,4.297
Tristan Devers,Brisbane,29,6,15.7344827586207,1.621,3.897,41.593,0.621,1.793,34.615,49.558,0.966,1.414,68.293,0.621,0.862,1.483,1.138,1.69,,0.517,0.862,0.138,,4.828,,,,0,0,,13.225,89.721,1.603,8.828,9.417,2.728,1.122,4.12,9.906,1.578,4.558,2.455,3.594,1.578,2.192,3.769,2.893,4.295,,1.315,2.192,0.351,,12.273,,,,,22.441,23.94,6.936,2.597
Troy Brown Jnr,Adelaide,13,9,20.9217948717949,1.692,5.769,29.333,0.692,2.846,24.324,35.333,0.538,0.846,63.636,0.923,3.538,4.462,1.846,1.769,,0.846,0.538,0.231,,4.615,,,,0,0,,6.315,69.093,3.131,14.923,15.431,5.048,1.738,3.235,11.03,1.324,5.442,1.029,1.618,1.765,6.765,8.53,3.53,3.383,,1.618,1.029,0.441,,8.824,,,,,28.531,29.502,9.651,3.138
Tukaha Cooper,New Zealand,2,0,10.125,1.5,3,,0.5,2,,,0,0,,0.5,0,0.5,0,1.5,,0,0,0,,3.5,,,,0,0,,0,116.667,0.452,4,4.1,1,0.368,5.926,11.852,1.975,7.901,0,0,1.975,0,1.975,0,5.926,,0,0,0,,13.827,,,,,15.802,16.198,3.951,0.828
Tyger Campbell,Tasmania,34,31,25.8598039215686,3.706,9.176,40.385,1.059,3.206,33.028,46.154,1.882,2.353,80,0.176,1.971,2.147,3.824,2.235,,0.735,1.029,0.059,,10.353,,,,0,0,,6.833,92.098,5.516,20.471,20.018,6.713,1.911,5.732,14.194,1.638,4.959,2.912,3.64,0.273,3.048,3.321,5.914,3.458,,1.137,1.592,0.091,,16.014,,,,,31.664,30.963,10.384,2.752
Tyler Harvey,Illawarra,31,28,30.5327956989247,5.484,12.742,43.038,2.645,6.806,38.863,53.418,3.29,3.677,89.474,0.484,2.355,2.839,3.645,2.097,,0.903,2.097,0.097,,16.903,,,,1,0,,10.431,102.713,7.434,26,26.681,9.718,2.367,7.184,16.693,3.465,8.917,4.311,4.818,0.634,3.085,3.719,4.775,2.747,,1.183,2.747,0.127,,22.144,,,,,34.062,34.953,12.731,2.975
Tyler Robertson,Sydney,27,6,12.4882716049383,2,4.037,49.541,1.222,2.556,47.826,64.679,0.815,1.296,62.857,0.296,1.704,2,0.815,1.111,,0.37,0.37,0.074,,6.037,,,,0,0,,6.394,121.28,3.135,10.259,10.622,4.431,1.097,6.406,12.931,3.915,8.185,2.61,4.152,0.949,5.457,6.406,2.61,3.559,,1.186,1.186,0.237,,19.337,,,,,32.86,34.023,14.191,2.952
Tyrell Harrison,Brisbane,25,23,25.3686666666667,6.16,9.64,63.9,0.04,0.12,,64.108,2.52,4.12,61.165,3.16,5.64,8.8,1.84,2.04,,0.96,2.16,1.4,,14.88,,,,11,0,,13.978,109.309,10.807,32.32,33.12,14.515,3.412,9.713,15.2,0.063,0.189,3.973,6.496,4.983,8.893,13.875,2.901,3.217,,1.514,3.406,2.207,,23.462,,,,,50.961,52.222,22.887,5.251
Tyson Walker,Melbourne,34,34,27.6544117647059,5.176,11.559,44.784,1.529,4.265,35.862,51.399,2.324,2.912,79.798,0.441,2.294,2.735,4.382,2,,1.647,2.088,0.176,,14.206,,,,1,0,,10.814,95.161,8.21,27.147,27.444,9.724,2.677,7.487,16.719,2.212,6.169,3.361,4.212,0.638,3.318,3.956,6.339,2.893,,2.382,3.02,0.255,,20.548,,,,,39.266,39.696,14.065,3.711
Wani Swaka Lo Buluk,Illawarra,33,33,23.7868686868687,2.939,5.939,49.49,1.273,2.939,43.299,60.204,0.848,1,84.848,0.576,1.848,2.424,0.97,2.455,,0.606,0.485,0.242,,8,,,,0,0,,6.189,116.546,3.494,13.939,14.424,5.239,1.466,4.943,9.988,2.14,4.943,1.427,1.682,0.968,3.108,4.077,1.631,4.128,,1.019,0.815,0.408,,13.453,,,,,23.44,24.256,8.809,2.331
Wes Iwundu,South East Melbourne,32,26,25.3046875,4.125,9.812,42.038,1.625,4.719,34.437,50.318,1.719,2.062,83.333,1,2.281,3.281,1.938,2.688,,0.562,0.781,0.375,,11.594,,,,0,0,,5.813,100.804,4.678,20,20.469,6.922,2.022,6.521,15.511,2.569,7.459,2.717,3.26,1.581,3.606,5.187,3.063,4.248,,0.889,1.235,0.593,,18.327,,,,,31.615,32.356,10.942,3.055
Will Magnay,Tasmania,24,24,27.3486111111111,3.875,7.333,52.841,0.083,0.417,20,53.409,2.333,4.208,55.446,2.583,4.333,6.917,1.375,2.167,,1,1.417,1.75,,10.167,,,,3,0,,11.829,95.897,7.459,25.875,27.363,10.547,2.96,5.668,10.726,0.122,0.609,3.413,6.155,3.778,6.338,10.116,2.011,3.169,,1.463,2.072,2.56,,14.87,,,,,37.845,40.02,15.426,4.256
William Hickey,Illawarra,27,12,28.6512345679012,5.148,10.222,50.362,0.556,1.963,28.302,53.08,1.815,2.704,67.123,1.556,4.296,5.852,6.222,2.185,,1,3.074,0.963,,12.667,,,,6,1,,14.845,87.441,8.495,32.185,31.837,12.782,3.626,7.187,14.271,0.776,2.74,2.534,3.775,2.172,5.998,8.17,8.687,3.051,,1.396,4.292,1.344,,17.684,,,,,44.934,44.448,17.846,4.967
Xavier Cooks,Sydney,36,34,25.3634259259259,5.694,8.944,63.665,0.028,0.139,,63.82,2.139,4.361,49.045,2.611,4.139,6.75,2.944,2.556,,0.75,1.556,1.306,,13.556,,,,7,0,,10.125,109.153,8.587,30.222,30.683,13.094,3.294,8.981,14.106,0.044,0.219,3.373,6.878,4.118,6.527,10.645,4.644,4.03,,1.183,2.453,2.059,,21.378,,,,,47.663,48.39,20.65,5.068
Zylan Cheatham,Adelaide,42,42,31.1174603174603,4.119,7.595,54.232,0.381,1.167,32.653,56.74,3.357,4.405,76.216,1.881,7.929,9.81,4.119,2.571,,0.881,1.857,0.81,,11.976,,,,14,0,,11.974,105.142,10.907,33.048,33.14,15.122,3.482,5.295,9.763,0.49,1.5,4.315,5.662,2.418,10.192,12.61,5.295,3.305,,1.132,2.387,1.041,,15.395,,,,,42.481,42.6,19.439,4.396
